{
	"name": "GraphQL-DGS-NeoBank-Course",
	"values": [
		{
			"key": "BASE_URL",
			"value": "http://localhost:8080",
			"type": "default",
			"enabled": true
		},
		{
			"key": "GRAPHQL_ENDPOINT",
			"value": "{{BASE_URL}}/graphql",
			"type": "default",
			"enabled": true
		},
		{
			"key": "REST_ENDPOINT",
			"value": "{{BASE_URL}}/api/rest",
			"type": "default",
			"enabled": true
		},
		{
			"key": "CREATED_PORTFOLIO_ID",
			"value": "",
			"type": "default",
			"enabled": true
		}
	],
	"_postman_variable_scope": "environment"
}